Conc,p,pmin,pmax
0.15625,0.0937219181443862,0.0898976648866918,0.0975461714020807
0.2925,0.0936392897845018,0.0898324583519976,0.0974461212170059
0.42875,0.0935566679529001,0.0897670309439173,0.0973463049618828
0.565,0.0934740526488085,0.0897013810075115,0.0972467242901055
0.70125,0.0933914438714529,0.0896355069009512,0.0971473808419547
0.8375,0.0933088416200598,0.0895694079026314,0.0970482753374882
0.97375,0.0932262458938564,0.0895030818456865,0.0969494099420263
1.11,0.0931436566920687,0.0894365275238143,0.0968507858603231
1.24625,0.0930610740139248,0.0893697432014659,0.0967524048263837
1.3825,0.0929784978586508,0.0893027274449652,0.0966542682723363
1.51875,0.0928959282254742,0.0892354796691185,0.0965563767818299
1.655,0.0928133651136229,0.0891679970035987,0.0964587332236471
1.79125,0.0927308085223237,0.0891002790484347,0.0963613379962128
1.9275,0.0926482584508039,0.0890323244985172,0.0962641924030906
2.06375,0.0925657148982921,0.0889641314677612,0.0961672983288231
2.2,0.0924831778640156,0.0888956989699686,0.0960706567580626
2.33625,0.0924006473472025,0.0888270256809638,0.0959742690134413
2.4725,0.0923181233470807,0.0887581103619866,0.0958781363321747
2.60875,0.0922356058628782,0.0886889518576296,0.0957822598681267
2.745,0.0921530948938241,0.0886195484490946,0.0956866413385535
2.88125,0.0920705904391457,0.0885498996649375,0.0955912812133538
3.0175,0.0919880924980725,0.0884800036977155,0.0954961812984295
3.15375,0.0919056010698327,0.0884098600791995,0.0954013420604659
3.29,0.0918231161536549,0.0883394676298597,0.0953067646774501
3.42625,0.0917406377487686,0.0882688247826528,0.0952124507148845
3.5625,0.0916581658544025,0.0881979311642218,0.0951184005445831
3.69875,0.0915757004697859,0.0881267853888347,0.0950246155507371
3.835,0.0914932415941481,0.0880553867051028,0.0949310964831934
3.97125,0.091410789226718,0.0879837343966073,0.0948378440568286
4.1075,0.091328343366726,0.0879118271133252,0.0947448596201268
4.24375,0.0912459040134008,0.0878396647531611,0.0946521432736406
4.38,0.0911634711659728,0.0877672464564484,0.0945596958754972
4.51625,0.0910810448236719,0.0876945711011689,0.0944675185461748
4.6525,0.0909986249857275,0.0876216384367866,0.0943756115346685
4.78875,0.0909162116513706,0.0875484476732206,0.0942839756295207
4.925,0.0908338048198307,0.0874749984414775,0.094192611198184
5.06125,0.0907514044903386,0.0874012903201461,0.094101518660531
5.1975,0.0906690106621246,0.0873273225783387,0.0940106987459106
5.33375,0.0905866233344192,0.0872530951690421,0.0939201514997964
5.47,0.0905042425064542,0.0871786075172752,0.0938298774956332
5.60625,0.0904218681774589,0.0871038595372295,0.0937398768176883
5.7425,0.0903395003466647,0.0870288511229166,0.0936501495704128
5.87875,0.0902571390133033,0.0869535818874465,0.0935606961391602
6.015,0.0901747841766056,0.0868780519592951,0.0934715163939162
6.15125,0.0900924358358033,0.0868022610407554,0.0933826106308512
6.2875,0.0900100939901267,0.0867262096290951,0.0932939783511583
6.42375,0.0899277586388085,0.0866498974190174,0.0932056198585996
6.56,0.0898454297810805,0.0865733247532215,0.0931175348089394
6.69625,0.0897631074161738,0.0864964918173424,0.0930297230150052
6.8325,0.0896807915433211,0.0864193988936405,0.0929421841930017
6.96875,0.0895984821617537,0.0863420464157059,0.0928549179078015
7.105,0.0895161792707038,0.0862644347727138,0.0927679237686937
7.24125,0.0894338828694043,0.0861865644149225,0.0926812013238862
7.3775,0.0893515929570876,0.0861084358881069,0.0925947500260683
7.51375,0.0892693095329862,0.0860300498249771,0.0925085692409952
7.65,0.0891870325963322,0.0859514068950199,0.0924226582976446
7.78625,0.0891047621463592,0.085872507834389,0.0923370164583295
7.9225,0.0890224981822998,0.0857933534546177,0.0922516429099818
8.05875,0.0889402407033866,0.0857139445905368,0.0921665368162363
8.195,0.0888579897088531,0.085634282169036,0.0920816972486701
8.33125,0.0887757451979327,0.0855543671922752,0.0919971232035903
8.4675,0.0886935071698591,0.0854742007489991,0.0919128135907192
8.60375,0.0886112756238653,0.085393783873964,0.0918287673737665
8.74,0.0885290505591851,0.0853131177959657,0.0917449833224045
8.87625,0.0884468319750522,0.0852322036682955,0.0916614602818089
9.0125,0.0883646198707004,0.0851510429229809,0.09157819681842
9.14875,0.0882824142453642,0.0850696367804428,0.0914951917102856
9.285,0.088200215098277,0.0849879866073759,0.0914124435891781
9.42125,0.0881180224286737,0.0849060939509002,0.0913299509064473
9.5575,0.0880358362357883,0.0848239603223723,0.0912477121492042
9.69375,0.0879536565188554,0.0847415872254623,0.0911657258122486
9.83,0.0878714832771101,0.0846589765825749,0.0910839899716454
9.96625,0.0877893165097858,0.0845761294433564,0.0910025035762153
10.1025,0.0877071562161187,0.0844930480467204,0.090921264385517
10.23875,0.0876250023953431,0.0844097339180457,0.0908402708726405
10.375,0.0875428550466943,0.0843261889857681,0.0907595211076206
10.51125,0.0874607141694077,0.0842424152087687,0.0906790131300467
10.6475,0.087378579762718,0.0841584141841109,0.0905987453413251
10.78375,0.0872964518258614,0.084074188101591,0.0905187155501319
10.92,0.0872143303580728,0.0839897388236982,0.0904389218924474
11.05625,0.0871322153585883,0.0839050684359574,0.0903593622812192
11.1925,0.087050106826644,0.0838201791739877,0.0902800344793003
11.32875,0.0869680047614749,0.0837350726921402,0.0902009368308096
11.465,0.086885909162318,0.0836497514171321,0.0901220669075039
11.60125,0.0868038200284094,0.0835642178502987,0.09004342220652
11.7375,0.0867217373589844,0.0834784732942951,0.0899650014236736
11.87375,0.0866396611532809,0.0833925210804897,0.0898868012260722
12.01,0.0865575914105339,0.0833063625247268,0.089808820296341
12.14625,0.0864755281299812,0.08322000044593,0.0897310558140323
12.2825,0.0863934713108589,0.083133436772508,0.0896535058492099
12.41875,0.0863114209524047,0.0830466743077946,0.0895761675970148
12.555,0.0862293770538547,0.0829597151498586,0.0894990389578507
12.69125,0.0861473396144468,0.0828725615578957,0.0894221176709978
12.8275,0.0860653086334175,0.082785216141373,0.0893454011254621
12.96375,0.085983284110005,0.0826976812115569,0.0892688870084531
13.1,0.0859012660434457,0.0826099589711051,0.0891925731157863
13.23625,0.0858192544329786,0.0825220525125852,0.0891164563533719
13.3725,0.0857372492778405,0.0824339636542129,0.0890405349014682
13.50875,0.0856552505772696,0.0823456951732336,0.0889648059813057
13.645,0.0855732583305038,0.0822572493398338,0.0888892673211738
13.78125,0.0854912725367809,0.0821686286162131,0.0888139164573487
13.9175,0.0854092931953394,0.0820798356016134,0.0887387507890654
14.05375,0.0853273203054181,0.0819908731844249,0.0886637674264114
14.19,0.0852453538662545,0.0819017429810583,0.0885889647514508
14.32625,0.0851633938770879,0.0818124483579223,0.0885143393962535
14.4625,0.0850814403371567,0.0817229912093905,0.0884398894649229
14.59875,0.0849994932456997,0.0816333741417949,0.0883656123496044
14.735,0.0849175526019561,0.081543599921269,0.0882915052826432
14.87125,0.0848356184051648,0.0814536707876703,0.0882175660226594
15.0075,0.0847536906545647,0.0813635889259286,0.0881437923832009
15.14375,0.0846717693493955,0.0812733575506874,0.0880701811481036
15.28,0.0845898544888963,0.0811829786997946,0.0879967302779981
15.41625,0.084507946072307,0.0810924548531762,0.0879234372914379
15.5525,0.0844260440988673,0.0810017889097996,0.087850299287935
15.68875,0.0843441485678165,0.0809109827471429,0.08777731438849
15.825,0.0842622594783946,0.0808200386744835,0.0877044802823057
15.96125,0.0841803768298419,0.0807289596898751,0.0876317939698087
16.0975,0.0840985006213981,0.0806377477763921,0.0875592534664042
16.23375,0.0840166308523043,0.0805464061414044,0.0874868555632041
16.37,0.0839347675217996,0.0804549354253095,0.0874145996182897
16.50625,0.0838529106291257,0.0803633404014202,0.0873424808568312
16.6425,0.0837710601735226,0.0802716215228367,0.0872704988242086
16.77875,0.0836892161542311,0.0801797817836475,0.0871986505248147
16.915,0.0836073785704921,0.0800878235206267,0.0871269336203574
17.05125,0.0835255474215466,0.0799957492235759,0.0870553456195174
17.1875,0.0834437227066354,0.0799035605017865,0.0869838849114842
17.32375,0.0833619044250002,0.0798112606704164,0.0869125481795841
17.46,0.0832800925758819,0.0797188511416813,0.0868413340100825
17.59625,0.0831982871585222,0.0796263346850765,0.0867702396319679
17.7325,0.0831164881721627,0.0795337131762121,0.0866992631681132
17.86875,0.0830346956160453,0.0794409893388147,0.0866284018932758
18.005,0.082952909489411,0.0793481644968624,0.0865576544819596
18.14125,0.0828711297915024,0.0792552413374233,0.0864870182455814
18.2775,0.0827893565215612,0.0791622212810237,0.0864164917620986
18.41375,0.0827075896788299,0.0790691082676346,0.0863460710900251
18.55,0.0826258292625504,0.0789759022258687,0.086275756299232
18.68625,0.0825440752719655,0.0788826068743742,0.0862055436695568
18.8225,0.0824623277063177,0.0787892235582363,0.0861354318543991
18.95875,0.0823805865648493,0.0786957544729423,0.0860654186567562
19.095,0.0822988518468031,0.0786022009110853,0.0859955027825208
19.23125,0.082217123551422,0.0785085657921833,0.0859256813106606
19.3675,0.0821354016779492,0.078414851104145,0.0858559522517534
19.50375,0.0820536862256276,0.0783210576274729,0.0857863148237823
19.64,0.0819719771937009,0.0782271888401864,0.0857167655472153
19.77625,0.0818902745814118,0.0781332460741218,0.0856473030887019
19.9125,0.0818085783880043,0.078039230431268,0.0855779263447405
20.04875,0.0817268886127214,0.077945144540096,0.0855086326853467
20.185,0.0816452052548073,0.0778509896409416,0.0854394208686731
20.32125,0.0815635283135059,0.0777567683533124,0.0853702882736994
20.4575,0.0814818577880607,0.0776624818763947,0.0853012336997267
20.59375,0.0814001936777164,0.0775681327765066,0.0852322545789263
20.73,0.0813185359817163,0.0774737213826955,0.0851633505807372
20.86625,0.0812368846993055,0.0773792504214597,0.0850945189771513
21.0025,0.0811552398297279,0.0772847212140433,0.0850257584454126
21.13875,0.0810736013722284,0.0771901360325268,0.08495706671193
21.275,0.0809919693260515,0.0770954955000893,0.0848884431520137
21.41125,0.0809103436904421,0.0770008023044281,0.0848198850764562
21.5475,0.0808287244646446,0.0769060567789517,0.0847513921503376
21.68375,0.0807471116479048,0.0768112620094415,0.0846829612863681
21.82,0.0806655052394678,0.0767164191405957,0.0846145913383399
21.95625,0.0805839052385777,0.0766215282164492,0.0845462822607063
22.0925,0.080502311644481,0.0765265929102451,0.0844780303787168
22.22875,0.080420724456423,0.0764316132108126,0.0844098357020334
22.365,0.0803391436736489,0.0763365914832888,0.0843416958640091
22.50125,0.0802575692954051,0.0762415283023248,0.0842736102884854
22.6375,0.0801760013209365,0.0761464257714007,0.0842055768704723
22.77375,0.08009443974949,0.0760512855431359,0.0841375939558442
22.91,0.0800128845803108,0.0759561078808999,0.0840696612797216
23.04625,0.0799313358126459,0.0758608950720377,0.0840017765532541
23.1825,0.0798497934457414,0.0757656487119426,0.0839339381795402
23.31875,0.0797682574788436,0.0756703696799417,0.0838661452777456
23.455,0.0796867279111986,0.0755750586038409,0.0837983972185563
23.59125,0.0796052047420543,0.0754797183964903,0.0837306910876184
23.7275,0.0795236879706565,0.0753843492118566,0.0836630267294563
23.86375,0.0794421775962522,0.0752889518228774,0.0835954033696269
24,0.0793606736180883,0.0751935281628163,0.0835278190733603
24.13625,0.0792791760354126,0.0750980801643236,0.0834602719065015
24.2725,0.0791976848474718,0.0750026071786333,0.0833927625163103
24.40875,0.0791162000535142,0.0749071131988972,0.0833252869081312
24.545,0.0790347216527856,0.0748115961068518,0.0832578471987194
24.68125,0.0789532496445351,0.0747160594084931,0.0831904398805771
24.8175,0.0788717840280095,0.0746205030554784,0.0831230650005407
24.95375,0.078790324802458,0.0745249291301855,0.0830557204747304
25.09,0.0787088719671267,0.0744293370550916,0.0829884068791618
25.22625,0.0786274255212653,0.0743337303070891,0.0829211207354416
25.3625,0.0785459854641211,0.0742381075652936,0.0828538633629485
25.49875,0.0784645517949425,0.0741424713056416,0.0827866322842434
25.635,0.0783831245129782,0.0740468223320488,0.0827194266939077
25.77125,0.0783017036174769,0.0739511612017317,0.0826522460332221
25.9075,0.0782202891076871,0.0738554896131861,0.082585088602188
26.04375,0.0781388809828574,0.0737598076108177,0.082517954354897
26.18,0.0780574792422368,0.0736641168834629,0.0824508416010107
26.31625,0.0779760838850745,0.0735684183728163,0.0823837493973327
26.4525,0.0778946949106194,0.0734727125654386,0.0823166772558001
26.58875,0.0778133123181211,0.0733770006155215,0.0822496240207206
26.725,0.0777319361068289,0.0732812841921826,0.0821825880214752
26.86125,0.0776505662759925,0.0731855629636291,0.0821155695883559
26.9975,0.0775692028248609,0.0730898380420382,0.0820485676076836
27.13375,0.077487845752684,0.0729941107894864,0.0819815807158816
27.27,0.0774064950587121,0.0728983816075967,0.0819146085098275
27.40625,0.0773251507421948,0.0728026513083767,0.0818476501760129
27.5425,0.0772438128023825,0.0727069217322209,0.081780703872544
27.67875,0.077162481238525,0.0726111922169203,0.0817137702601296
27.815,0.0770811560498728,0.0725154640356691,0.0816468480640764
27.95125,0.0769998372356766,0.0724197387519163,0.0815799357194369
28.0875,0.0769185247951865,0.0723240161268544,0.0815130334635185
28.22375,0.0768372187276536,0.072228297220319,0.0814461402349882
28.36,0.0767559190323288,0.0721325840196375,0.0813792540450202
28.49625,0.0766746257084625,0.0720368752613122,0.0813123761556128
28.6325,0.0765933387553059,0.071941172413653,0.0812455050969589
28.76875,0.0765120581721104,0.0718454764927235,0.0811786398514973
28.905,0.0764307839581271,0.0717497884343715,0.0811117794818827
29.04125,0.0763495161126073,0.071654108171775,0.0810449240534396
29.1775,0.0762682546348024,0.0715584364250573,0.0809780728445474
29.31375,0.0761869995239643,0.0714627743400947,0.080911224707834
29.45,0.0761057507793446,0.0713671223665329,0.0808443791921562
29.58625,0.0760245084001956,0.0712714819057752,0.0807775348946159
29.7225,0.0759432723857683,0.071175851820684,0.0807106929508526
29.85875,0.0758620427353156,0.0710802340347069,0.0806438514359243
29.995,0.0757808194480898,0.0709846299354347,0.0805770089607449
30.13125,0.0756996025233425,0.0708890380757887,0.0805101669708963
30.2675,0.0756183919603264,0.0707934601079682,0.0804433238126845
30.40375,0.0755371877582944,0.0706978971398916,0.0803764783766973
30.54,0.0754559899164988,0.0706023487156258,0.0803096311173719
30.67625,0.0753747984341926,0.0705068159442452,0.08024278092414
30.8125,0.0752936133106288,0.0704112999268013,0.0801759266944563
30.94875,0.07521243454506,0.070315800157043,0.080109068933077
31.085,0.0751312621367402,0.0702203185163539,0.0800422057571264
31.22125,0.0750500960849214,0.0701248534411592,0.0799753387286836
31.3575,0.0749689363888577,0.070029407028682,0.0799084657490335
31.49375,0.074887783047803,0.0699339798469008,0.0798415862487052
31.63,0.0748066360610102,0.0698385718399051,0.0797747002821154
31.76625,0.0747254954277334,0.069743183817768,0.0797078070376989
31.9025,0.0746443611472261,0.069647815738881,0.0796409065555711
32.03875,0.0745632332187425,0.0695524688832571,0.0795739975542279
32.175,0.0744821116415366,0.0694571426913741,0.0795070805916992
32.31125,0.0744009964148629,0.0693618392392415,0.0794401535904843
32.4475,0.0743198875379751,0.0692665573912233,0.0793732176847269
32.58375,0.0742387850101283,0.0691712981538928,0.0793062718663637
32.72,0.0741576888305771,0.0690760630533809,0.0792393146077732
32.85625,0.074076598998575,0.0689808498608403,0.0791723481363097
32.9925,0.0739955155133778,0.0688856617013664,0.0791053693253892
33.12875,0.0739144383742403,0.0687904976682582,0.0790383790802223
33.265,0.0738333675804173,0.068695358727378,0.0789713764334565
33.40125,0.0737523031311644,0.068600245851373,0.0789043604109559
33.5375,0.0736712450257357,0.0685051570169535,0.078837333034518
33.67375,0.0735901932633878,0.0684100947985585,0.0787702917282171
33.81,0.0735091478433754,0.0683150593306964,0.0787032363560544
33.94625,0.0734281087649546,0.0682200507570601,0.0786361667728492
34.0825,0.0733470760273809,0.0681250691639278,0.078569082890834
34.21875,0.0732660496299102,0.0680301152432368,0.0785019840165837
34.355,0.0731850295717984,0.0679351901623518,0.078434868981245
34.49125,0.0731040158523011,0.0678402921428485,0.0783677395617536
34.6275,0.0730230084706753,0.0677454234501891,0.0783005934911615
34.76375,0.0729420074261764,0.0676505833528383,0.0782334314995145
34.9,0.0728610127180613,0.0675557727503456,0.0781662526857771
35.03625,0.0727800243455872,0.0674609922698981,0.0780990564212762
35.1725,0.0726990423080092,0.0673662411649216,0.0780318434510968
35.30875,0.0726180666045857,0.0672715216961641,0.0779646115130073
35.445,0.0725370972345725,0.0671768325559664,0.0778973619131786
35.58125,0.0724561341972265,0.0670821732581841,0.0778300951362689
35.7175,0.0723751774918058,0.0669875468464834,0.0777628081371281
35.85375,0.0722942271175664,0.0668929509228169,0.0776955033123158
35.99,0.0722132830737667,0.0667983879842823,0.0776281781632512
36.12625,0.0721323453596634,0.0667038567011961,0.0775608340181307
36.2625,0.0720514139745143,0.0666093576613312,0.0774934702876974
36.39875,0.0719704889175774,0.066514892241133,0.0774260855940218
36.535,0.0718895701881102,0.0664204596691597,0.0773586807070606
36.67125,0.0718086577853709,0.0663260607762044,0.0772912547945374
36.8075,0.0717277517086168,0.066231695278643,0.0772238081385906
36.94375,0.071646851957107,0.0661373637612638,0.0771563401529501
37.08,0.0715659585300989,0.0660430664970548,0.0770888505631431
37.21625,0.0714850714268516,0.065948803756215,0.0770213390974882
37.3525,0.0714041906466232,0.0658545757994691,0.0769538054937773
37.48875,0.0713233161886726,0.0657603829383784,0.0768862494389668
37.625,0.0712424480522582,0.0656662256487858,0.0768186704557307
37.76125,0.0711615862366393,0.0655721036874475,0.076751068785831
37.8975,0.0710807307410741,0.0654780172757849,0.0766834442063633
38.03375,0.0709998815648225,0.0653839669501786,0.0766157961794664
38.17,0.0709190387071432,0.0652899532495059,0.0765481241647805
38.30625,0.0708382021672955,0.0651959752980431,0.0764804290365479
38.4425,0.0707573719445391,0.0651020344505414,0.0764127094385368
38.57875,0.0706765480381333,0.0650081303768455,0.0763449656994211
38.715,0.0705957304473381,0.0649142635913219,0.0762771973033543
38.85125,0.0705149191714129,0.0648204345869258,0.0762094037559001
38.9875,0.0704341142096179,0.0647266430685286,0.0761415853507071
39.12375,0.0703533155612126,0.0646328886897456,0.0760737424326796
39.26,0.0702725232254577,0.0645391727553472,0.0760058736955683
39.39625,0.070191737201613,0.0644454943844239,0.075937980018802
39.5325,0.0701109574889394,0.0643518554723598,0.0758700595055189
39.66875,0.0700301840866966,0.0642582542631039,0.0758021139102892
39.805,0.0699494169941457,0.064164692636899,0.0757341413513924
39.94125,0.0698686562105473,0.0640711699625497,0.0756661424585449
40.0775,0.0697879017351624,0.0639776858822696,0.0755981175880551
40.21375,0.0697071535672515,0.0638842417036304,0.0755300654308727
40.35,0.0696264117060759,0.0637908367932564,0.0754619866188953
40.48625,0.0695456761508968,0.0636974718869828,0.0753938804148108
40.6225,0.0694649469009754,0.0636041469033916,0.0753257468985591
40.75875,0.0693842239555731,0.0635108614638173,0.0752575864473289
40.895,0.069303507313951,0.0634176160302793,0.0751893985976226
41.03125,0.0692227969753718,0.0633244118960763,0.0751211820546673
41.1675,0.0691420929390962,0.0632312484197969,0.0750529374583955
41.30375,0.0690613952043861,0.063138124621873,0.0749846657868992
41.44,0.0689807037705044,0.0630450426628408,0.0749163648781679
41.57625,0.0689000186367119,0.0629520012828256,0.0748480359905982
41.7125,0.0688193398022721,0.0628590020838828,0.0747796775206614
41.84875,0.0687386672664463,0.0627660432333647,0.0747112912995279
41.985,0.0686580010284974,0.0626731260387319,0.0746428760182629
42.12125,0.0685773410876878,0.0625802506495405,0.074574431525835
42.2575,0.0684966874432802,0.0624874172181843,0.0745059576683761
42.39375,0.0684160400945371,0.0623946250558446,0.0744374551332295
42.53,0.0683353990407221,0.0623018757290404,0.0743689223524037
42.66625,0.0682547642810976,0.0622091685301838,0.0743003600320113
42.8025,0.0681741358149268,0.0621165041789403,0.0742317674509134
42.93875,0.0680935136414731,0.0620238814040506,0.0741631458788955
43.075,0.0680128977599996,0.0619313017551117,0.0740944937648876
43.21125,0.0679322881697701,0.0618387651109478,0.0740258112285925
43.3475,0.0678516848700479,0.0617462710229559,0.0739570987171399
43.48375,0.0677710878600966,0.061653819631595,0.0738883560885981
43.62,0.0676904971391803,0.0615614113580004,0.0738195829203602
43.75625,0.0676099127065632,0.0614690474525655,0.073750777960561
43.8925,0.0675293345615087,0.0613767263733493,0.073681942749668
44.02875,0.0674487627032812,0.0612844485154213,0.073613076891141
44.165,0.0673681971311448,0.0611922142678086,0.0735441799944811
44.30125,0.0672876378443643,0.0611000240662538,0.0734752516224749
44.4375,0.0672070848422037,0.0610078771709677,0.0734062925134398
44.57375,0.0671265381239281,0.0609157742768767,0.0733373019709795
44.71,0.067045997688802,0.0608237163309892,0.0732682790466149
44.84625,0.0669654635360901,0.0607317012130469,0.0731992258591333
44.9825,0.0668849356650578,0.0606397318355385,0.0731301394945772
45.11875,0.0668044140749697,0.0605478055129126,0.0730610226370269
45.255,0.0667238987650909,0.0604559240338689,0.0729918734963129
45.39125,0.0666433897346872,0.0603640875125224,0.072922691956852
45.5275,0.0665628869830237,0.0602722951978688,0.0728534787681786
45.66375,0.0664823905093659,0.0601805477771351,0.0727842332415967
45.8,0.0664019003129797,0.0600888453437495,0.0727149552822098
45.93625,0.0663214163931305,0.0599971879913058,0.0726456447949552
46.0725,0.0662409387490848,0.0599055755564792,0.0725763019416904
46.20875,0.0661604673801075,0.059814007278855,0.07250692748136
46.345,0.0660800022854655,0.0597224852348203,0.0724375193361107
46.48125,0.0659995434644252,0.0596310084013965,0.0723680785274538
46.6175,0.0659190909162524,0.059539577132771,0.0722986046997337
46.75375,0.0658386446402139,0.0594481909731142,0.0722290983073137
46.89,0.0657582046355758,0.059356849706568,0.0721595595645836
47.02625,0.0656777709016052,0.0592655548750319,0.0720899869281785
47.1625,0.065597343437569,0.0591743056820473,0.0720203811930906
47.29875,0.0655169222427334,0.0590831013913823,0.0719507430940845
47.435,0.0654365073163663,0.0589919440571704,0.0718810705755622
47.57125,0.0653560986577344,0.0589008320545613,0.0718113652609075
47.7075,0.065275696266105,0.0588097663231748,0.0717416262090351
47.84375,0.0651953001407448,0.0587187460960667,0.0716718541854229
47.98,0.0651149102809225,0.0586277720317806,0.0716020485300644
48.11625,0.0650345266859049,0.0585368447429291,0.0715322086288807
48.2525,0.0649541493549597,0.0584459629194804,0.071462335790439
48.38875,0.064873778287355,0.058355128033418,0.0713924285412919
48.525,0.0647934134823589,0.0582643393217604,0.0713224876429574
48.66125,0.0647130549392387,0.0581735965634789,0.0712525133149986
48.7975,0.0646327026572635,0.0580829012518613,0.0711825040626657
48.93375,0.0645523566357009,0.0579922520448586,0.0711124612265432
49.07,0.0644720168738191,0.0579016487036607,0.0710423850439775
49.20625,0.0643916833708875,0.0578110933162581,0.070972273425517
49.3425,0.0643113561261743,0.0577205842239958,0.0709021280283528
49.47875,0.0642310351389477,0.0576301212111446,0.0708319490667508
49.615,0.064150720408477,0.0575397060503523,0.0707617347666017
49.75125,0.0640704119340314,0.0574493373776357,0.0706914864904271
49.8875,0.0639901097148794,0.057359014973634,0.0706212044561247
50.02375,0.0639098137502905,0.0572687397492175,0.0705508877513635
50.16,0.0638295240395341,0.0571785117595023,0.0704805363195659
50.29625,0.0637492405818794,0.057088331071917,0.0704101500918417
50.4325,0.0636689633765961,0.0569981974495092,0.0703397293036831
50.56875,0.0635886924229538,0.0569081112342229,0.0702692736116848
50.705,0.063508427720222,0.0568180713613372,0.0701987840791069
50.84125,0.063428169267671,0.0567280798480033,0.0701282586873388
50.9775,0.0633479170645703,0.0566381344804549,0.0700576996486858
51.11375,0.0632676711101903,0.0565482367433762,0.0699871054770043
51.25,0.0631874314038012,0.0564583869572592,0.0699164758503432
51.38625,0.0631071979446731,0.056368584034354,0.0698458118549923
51.5225,0.0630269707320767,0.0562788283311699,0.0697751131329836
51.65875,0.0629467497652825,0.0561891207127117,0.0697043788178533
51.795,0.0628665350435611,0.0560994606784668,0.0696336094086554
51.93125,0.0627863265661834,0.0560098477008927,0.0695628054314741
52.0675,0.0627061243324198,0.0559202820903348,0.0694919665745049
52.20375,0.062625928341542,0.0558307650535435,0.0694210916295406
52.34,0.0625457385928208,0.0557412943497725,0.069350182835869
52.47625,0.0624655550855273,0.0556518728651514,0.0692792373059032
52.6125,0.0623853778189329,0.0555624983566764,0.0692082572811895
52.74875,0.0623052067923093,0.0554731711592453,0.0691372424253733
52.885,0.0622250420049277,0.055383892146425,0.0690661918634304
53.02125,0.0621448834560603,0.0552946610909262,0.0689951058211944
53.1575,0.0620647311449782,0.0552054774651767,0.0689239848247798
53.29375,0.0619845850709537,0.0551163418367516,0.0688528283051559
53.43,0.0619044452332589,0.055027253709783,0.0687816367567348
53.56625,0.0618243116311659,0.0549382136795181,0.0687104095828136
53.7025,0.0617441842639468,0.0548492220490676,0.0686391464788259
53.83875,0.0616640631308742,0.0547602782911227,0.0685678479706258
53.975,0.0615839482312204,0.0546713818684781,0.0684965145939626
54.11125,0.0615038395642578,0.054582533372742,0.0684251457557735
54.2475,0.0614237371292594,0.0544937334071116,0.0683537408514073
54.38375,0.0613436409254975,0.0544049808718369,0.0682823009791581
54.52,0.0612635509522459,0.0543162763557601,0.0682108255487317
54.65625,0.0611834672087772,0.0542276204470495,0.0681393139705049
54.7925,0.0611033896943649,0.0541390126164189,0.068067766772311
54.92875,0.0610233184082816,0.0540504528898751,0.067996183926688
55.065,0.0609432533498007,0.05396194042493,0.0679245662746713
55.20125,0.0608631945181961,0.0538734763834985,0.0678529126528937
55.3375,0.0607831419127418,0.053785061374658,0.0677812224508256
55.47375,0.0607030955327104,0.053696692843633,0.0677094982217877
55.61,0.0606230553773766,0.0536083739587905,0.0676377367959627
55.74625,0.0605430214460143,0.0535201024502153,0.0675659404418133
55.8825,0.0604629937378971,0.0534318794757165,0.0674941080000777
56.01875,0.0603829722522997,0.0533437044864342,0.0674222400181653
56.155,0.0603029569884961,0.0532555778004795,0.0673503361765127
56.29125,0.0602229479457601,0.0531674982784525,0.0672783976130677
56.4275,0.0601429451233675,0.0530794682154495,0.0672064220312855
56.56375,0.0600629485205917,0.0529914847910366,0.0671344122501468
56.7,0.0599829581367084,0.0529035508625915,0.0670623654108253
56.83625,0.059902973970992,0.0528156650269742,0.0669902829150097
56.9725,0.0598229960227172,0.0527278269959093,0.0669181650495252
57.10875,0.0597430242911599,0.0526400379445034,0.0668460106378163
57.245,0.0596630587755942,0.0525522961612575,0.0667738213899308
57.38125,0.0595830994752959,0.0524646022347938,0.0667015967157981
57.5175,0.0595031463895408,0.0523769573172605,0.0666293354618211
57.65375,0.059423199517604,0.0522893608348165,0.0665570382003915
57.79,0.0593432588587612,0.0522018116790282,0.0664847060384942
57.92625,0.0592633244122882,0.0521143112606942,0.0664123375638823
58.0625,0.059183396177461,0.0520268596130356,0.0663399327418865
58.19875,0.059103474153555,0.0519394550130984,0.0662674932940115
58.335,0.0590235583398471,0.0518520994820191,0.0661950171976751
58.47125,0.058943648735613,0.0517647915849207,0.0661225058863053
58.6075,0.0588637453401288,0.051677531618332,0.0660499590619257
58.74375,0.0587838481526717,0.0515903204412842,0.0659773758640591
58.88,0.0587039571725172,0.0515031569197395,0.0659047574252949
59.01625,0.0586240723989429,0.0514160416299218,0.0658321031679639
59.1525,0.0585441938312252,0.0513289754193752,0.0657594122430752
59.28875,0.0584643214686409,0.0512419563090092,0.0656866866282726
59.425,0.0583844553104669,0.0511549857164973,0.0656139249044365
59.56125,0.0583045953559806,0.0510680630811621,0.0655411276307992
59.6975,0.0582247416044588,0.0509811881105312,0.0654682950983864
59.83375,0.0581448940551792,0.0508943616614346,0.0653954264489238
59.97,0.0580650527074194,0.0508075834652223,0.0653225219496164
60.10625,0.0579852175604563,0.0507208532060516,0.065249581914861
60.2425,0.0579053886135679,0.0506341706063509,0.0651766066207849
60.37875,0.057825565866032,0.0505475365279771,0.065103595204087
60.515,0.0577457493171267,0.0504609504023801,0.0650305482318734
60.65125,0.0576659389661298,0.0503744127882754,0.0649574651439842
60.7875,0.0575861348123192,0.0502879225330343,0.0648843470916041
60.92375,0.0575063368549737,0.0502014807808703,0.0648111929290772
61.06,0.0574265450933704,0.0501150860853302,0.0647380041014106
61.19625,0.0573467595267894,0.0500287404731903,0.0646647785803885
61.3325,0.057266980154508,0.0499424424592221,0.0645915178497939
61.46875,0.0571872069758053,0.0498561915214785,0.064518222430132
61.605,0.0571074399899603,0.0497699890519893,0.0644448909279313
61.74125,0.0570276791962514,0.0496838344562925,0.0643715239362103
61.8775,0.0569479245939584,0.0495977283200528,0.064298120867864
62.01375,0.0568681761823595,0.0495116694832796,0.0642246828814394
62.15,0.0567884339607341,0.0494256585011564,0.0641512094203118
62.28625,0.0567086979283622,0.0493396950921112,0.0640777007646132
62.4225,0.0566289680845227,0.0492537795046197,0.0640041566644256
62.55875,0.0565492444284952,0.0491679123248842,0.0639305765321061
62.695,0.0564695269595594,0.0490820921026011,0.0638569618165177
62.83125,0.0563898156769955,0.0489963202633887,0.0637833110906023
62.9675,0.0563101105800827,0.0489105953445281,0.0637096258156373
63.10375,0.0562304116681016,0.0488249187561684,0.0636359045800349
63.24,0.0561507189403319,0.0487392890942326,0.0635621487864311
63.37625,0.056071032396054,0.0486537077295063,0.0634883570626018
63.5125,0.0559913520345483,0.0485681735283132,0.0634145305407834
63.64875,0.0559116778550952,0.0484826861827419,0.0633406695274485
63.785,0.0558320098569753,0.0483972473825387,0.063266772331412
63.92125,0.0557523480394697,0.0483118565433363,0.0631928395356031
64.0575,0.055672692401858,0.0482265116626247,0.0631188731410913
64.19375,0.0555930429434226,0.0481412158241702,0.063044870062675
64.33,0.0555133996634436,0.048055966199935,0.0629708331269522
64.46625,0.055433762561202,0.0479707647294285,0.0628967603929756
64.6025,0.0553541316359794,0.0478856094349901,0.0628226538369686
64.73875,0.0552745068870575,0.0478005031071478,0.0627485106669672
64.875,0.055194888313717,0.0477154426192851,0.0626743340081489
65.01125,0.0551152759152402,0.0476304304976475,0.062600121332833
65.1475,0.0550356696909082,0.0475454650179621,0.0625258743638543
65.28375,0.0549560696400033,0.0474605472805795,0.0624515919994272
65.42,0.0548764757618065,0.0473756753000979,0.0623772762235152
65.55625,0.0547968880556011,0.0472908515897479,0.0623029245214543
65.6925,0.0547173065206681,0.0472060741461712,0.062228538895165
65.82875,0.0546377311562907,0.0471213449231532,0.0621541173894281
65.965,0.0545581619617503,0.0470366616226003,0.0620796623009004
66.10125,0.0544785989363303,0.046952026204195,0.0620051716684656
66.2375,0.0543990420793126,0.0468674372384618,0.0619306469201633
66.37375,0.0543194913899803,0.0467828952587466,0.0618560875212139
66.51,0.0542399468676158,0.0466983999393672,0.0617814937958644
66.64625,0.0541604085115024,0.0466139518372983,0.0617068651857064
66.7825,0.0540808763209224,0.0465295495017355,0.0616322031401093
66.91875,0.05400135029516,0.0464451945911936,0.0615575059991263
67.055,0.0539218304334979,0.0463608868070674,0.0614827740599283
67.19125,0.0538423167352193,0.0462766255427713,0.0614080079276673
67.3275,0.0537628091996081,0.0461924105075254,0.0613332078916908
67.46375,0.0536833078259473,0.0461082421954559,0.0612583734564388
67.6,0.0536038126135212,0.0460241206002445,0.0611835046267979
67.73625,0.053524323561613,0.0459400448426702,0.0611086022805558
67.8725,0.0534448406695072,0.0458560162910837,0.0610336650479307
68.00875,0.0533653639364871,0.0457720335232573,0.0609586943497168
68.145,0.0532858933618376,0.0456880975970404,0.0608836891266349
68.28125,0.0532064289448426,0.045604207932563,0.0608086499571222
68.4175,0.0531269706847861,0.0455203639462225,0.0607335774233497
68.55375,0.0530475185809531,0.0454365667008294,0.0606584704610768
68.69,0.0529680726326283,0.0453528156155045,0.060583329649752
68.82625,0.0528886328390956,0.0452691100978214,0.0605081555803698
68.9625,0.0528091991996407,0.0451854514749383,0.0604329469243431
69.09875,0.052729771713548,0.0451018386344423,0.0603577047926537
69.235,0.0526503503801026,0.0450182718057395,0.0602824289544657
69.37125,0.0525709351985895,0.0449347503695025,0.0602071200276764
69.5075,0.0524915261682941,0.0448512756998606,0.0601317766367276
69.64375,0.0524121232885015,0.0447678457975611,0.060056400779442
69.78,0.0523327265584976,0.0446844622935264,0.0599809908234688
69.91625,0.0522533359775679,0.0446011246039082,0.0599055473512275
70.0525,0.0521739515449982,0.0445178326800064,0.0598300704099899
70.18875,0.0520945732600735,0.0444345859120285,0.0597545606081185
70.325,0.0520152011220802,0.0443513845386681,0.0596790177054924
70.46125,0.0519358351303043,0.0442682293581759,0.0596034409024327
70.5975,0.0518564752840325,0.0441851194940075,0.0595278310740575
70.73375,0.0517771215825502,0.0441020548908397,0.0594521882742607
70.87,0.0516977740251439,0.0440190352330523,0.0593765128172354
71.00625,0.0516184326111002,0.0439360610425948,0.0593008041796057
71.1425,0.0515390973397061,0.0438531328149642,0.059225061864448
71.27875,0.0514597682102478,0.043770249392906,0.0591492870275896
71.415,0.0513804452220117,0.0436874104400282,0.0590734800039951
71.55125,0.0513011283742855,0.0436046176043804,0.0589976391441905
71.6875,0.0512218176663555,0.0435218685964319,0.0589217667362791
71.82375,0.0511425130975094,0.0434391653232905,0.0588458608717282
71.96,0.0510632146670345,0.0433565071626509,0.058769922171418
72.09625,0.0509839223742174,0.04327389351495,0.0586939512334849
72.2325,0.0509046362183461,0.0431913246246087,0.0586179478120834
72.36875,0.050825356198708,0.0431088001481276,0.0585419122492883
72.505,0.0507460823145909,0.0430263203284482,0.0584658443007335
72.64125,0.0506668145652824,0.0429438850850352,0.0583897440455297
72.7775,0.0505875529500708,0.0428614952150472,0.0583136106850943
72.91375,0.0505082974682436,0.04277914873379,0.0582374462026972
73.05,0.050429048119089,0.0426968474983721,0.0581612487398058
73.18625,0.0503498049018956,0.0426145901095682,0.058085019694223
73.3225,0.050270567815951,0.0425323764920344,0.0580087591398675
73.45875,0.0501913368605442,0.0424502074096719,0.0579324663114165
73.595,0.0501121120349639,0.0423680828220801,0.0578561412478477
73.73125,0.0500328933384986,0.0422860026580614,0.0577797840189358
73.8675,0.0499536807704368,0.0422039657856529,0.0577033957552208
74.00375,0.0498744743300676,0.042121973227924,0.0576269754322113
74.14,0.04979527401668,0.0420400246501228,0.0575505233832373
74.27625,0.0497160798295626,0.0419581189022317,0.0574740407568935
74.4125,0.0496368917680057,0.0418762573029319,0.0573975262330794
74.54875,0.0495577098312978,0.0417944397849929,0.0573209798776028
74.685,0.0494785340187285,0.0417126660086176,0.0572444020288393
74.82125,0.0493993643295876,0.0416309356554751,0.0571677930037001
74.9575,0.0493202007631641,0.0415492480951946,0.0570911534311336
75.09375,0.0492410433187485,0.04146760438173,0.0570144822557669
75.23,0.0491618919956305,0.0413860044489362,0.0569377795423247
75.36625,0.0490827467930997,0.041304447124284,0.0568610464619153
75.5025,0.0490036077104463,0.0412229329188417,0.056784282502051
75.63875,0.0489244747469608,0.0411414617359284,0.0567074877579932
75.775,0.0488453479019331,0.0410600332588502,0.056630662545016
75.91125,0.0487662271746543,0.0409786487830965,0.056553805566212
76.0475,0.0486871125644139,0.0408973057802431,0.0564769193485848
76.18375,0.0486080040705037,0.0408160069251924,0.056400001215815
76.32,0.0485289016922139,0.0407347502357584,0.0563230531486694
76.45625,0.0484498054288349,0.0406535361797755,0.0562460746778943
76.5925,0.0483707152796584,0.0405723644300672,0.0561690661292496
76.72875,0.0482916312439752,0.0404912354597479,0.0560920270282024
76.865,0.0482125533210764,0.0404101489184835,0.0560149577236694
77.00125,0.0481334815102534,0.0403291044814825,0.0559378585390244
77.1375,0.0480544158107974,0.040248101513925,0.0558607301076698
77.27375,0.0479753562220004,0.0401671418675029,0.055783570576498
77.41,0.0478963027431534,0.0400862235531104,0.0557063819331964
77.54625,0.0478172553735488,0.0400053475960376,0.0556291631510599
77.6825,0.0477382141124778,0.0399245136356658,0.0555519145892898
77.81875,0.0476591789592331,0.0398437218903743,0.0554746360280919
77.955,0.0475801499131059,0.0397629706541763,0.0553973291720355
78.09125,0.0475011269733892,0.0396822625459008,0.0553199914008775
78.2275,0.0474221101393746,0.0396015948030199,0.0552426254757292
78.36375,0.0473430994103547,0.0395209686904147,0.0551652301302948
78.5,0.0472640947856222,0.0394403841392718,0.0550878054319726
78.63625,0.0471850962644695,0.0393598410614856,0.0550103514674535
78.7725,0.0471061038461893,0.0392793383051571,0.0549328693872215
78.90875,0.0470271175300749,0.039198877956689,0.0548553571034608
79.045,0.0469481373154186,0.0391184577666338,0.0547778168642034
79.18125,0.0468691632015141,0.0390380795541603,0.054700246848868
79.3175,0.0467901951876537,0.0389577410895231,0.0546226492857843
79.45375,0.0467112332731316,0.0388774441634411,0.0545450223828222
79.59,0.0466322774572405,0.0387971878858075,0.0544673670286736
79.72625,0.0465533277392738,0.0387169713642898,0.0543896841142577
79.8625,0.0464743841185258,0.0386367964161407,0.0543119718209109
79.99875,0.0463954465942895,0.0385566605308605,0.0542342326577185
80.135,0.0463165151658593,0.0384765662956033,0.0541564640361154
80.27125,0.0462375898325287,0.03839651096855,0.0540786686965074
80.4075,0.0461586705935919,0.0383164968656173,0.0540008443215665
80.54375,0.0460797574483429,0.0382365217463108,0.0539229931503751
80.68,0.0460008503960765,0.0381565882122394,0.0538451125799136
80.81625,0.0459219494360861,0.0380766929629519,0.0537672059092202
80.9525,0.0458430545676669,0.0379968377901809,0.0536892713451529
81.08875,0.0457641657901133,0.0379170225871832,0.0536113089930435
81.225,0.0456852831027197,0.0378372464815118,0.0535333197239275
81.36125,0.0456064065047816,0.0377575104423163,0.053455302567247
81.4975,0.0455275359955931,0.037677813317362,0.0533772586738242
81.63375,0.0454486715744493,0.0375981550027316,0.0532991881461671
81.77,0.0453698132406459,0.0375185367480452,0.0532210897332467
81.90625,0.0452909609934777,0.0374389568669891,0.0531429651199664
82.0425,0.0452121148322404,0.0373594163145561,0.0530648133499248
82.17875,0.0451332747562287,0.0372799139468518,0.0529866355656057
82.315,0.0450544407647389,0.0372004504747709,0.0529084310547068
82.45125,0.0449756128570664,0.0371210260437333,0.0528301996703995
82.5875,0.0448967910325067,0.0370416395180408,0.0527519425469725
82.72375,0.0448179752903561,0.0369622913235697,0.0526736592571425
82.86,0.0447391656299105,0.0368829821533136,0.0525953491065075
82.99625,0.044660362050466,0.0368037108497073,0.0525170132512246
83.1325,0.0445815645513186,0.0367244770565215,0.0524386520461156
83.26875,0.0445027731317649,0.0366452825174095,0.0523602637461203
83.405,0.044423987791101,0.0365661245056461,0.0522818510765559
83.54125,0.044345208528624,0.0364870052625244,0.0522034117947236
83.6775,0.0442664353436295,0.0364079228729265,0.0521249478143325
83.81375,0.0441876682354154,0.0363288788000361,0.0520464576707948
83.95,0.0441089072032779,0.0362498711018808,0.0519679433046749
84.08625,0.0440301522465139,0.0361709007255363,0.0518894037674914
84.2225,0.0439514033644208,0.036091968093993,0.0518108386348486
84.35875,0.0438726605562958,0.0360130723103827,0.0517322488022089
84.495,0.0437939238214362,0.0359342138064721,0.0516536338364004
84.63125,0.0437151931591391,0.0358553919133714,0.0515749944049068
84.7675,0.0436364685687023,0.0357766068194185,0.0514963303179861
84.90375,0.0435577500494233,0.0356978584122846,0.0514176416865621
85.04,0.0434790376005996,0.0356191458073283,0.0513389293938708
85.17625,0.0434003312215294,0.0355404701602695,0.0512601922827893
85.3125,0.0433216309115108,0.0354618311396695,0.051181430683352
85.44875,0.043242936669841,0.0353832270505782,0.0511026462891038
85.585,0.043164248495819,0.0353046601250839,0.0510238368665541
85.72125,0.0430855663887426,0.035226128444466,0.0509450043330192
85.8575,0.0430068903479106,0.0351476326513686,0.0508661480444526
85.99375,0.0429282203726209,0.0350691718738592,0.0507872688713826
86.13,0.0428495564621727,0.0349907470227554,0.05070836590159
86.26625,0.0427708986158644,0.0349123579766214,0.0506294392551073
86.4025,0.0426922468329947,0.0348340035826394,0.0505504900833499
86.53875,0.0426136011128628,0.0347556845137147,0.050471517712011
86.675,0.0425349614547672,0.0346774001291706,0.0503925227803638
86.81125,0.0424563278580079,0.0345991515849788,0.050313504131037
86.9475,0.0423777003218837,0.0345209372405944,0.050234463403173
87.08375,0.0422990788456934,0.0344427574586536,0.0501554002327332
87.22,0.0422204634287371,0.0343646113672747,0.0500763154901994
87.35625,0.042141854070314,0.0342865001301005,0.0499972080105275
87.4925,0.0420632507697243,0.0342084233466271,0.0499180781928214
87.62875,0.0419846535262676,0.0341303811641053,0.0498389258884298
87.765,0.0419060623392431,0.0340523716579543,0.0497597530205319
87.90125,0.0418274772079519,0.0339743967628273,0.0496805576530765
88.0375,0.0417488981316931,0.0338964550549791,0.0496013412084072
88.17375,0.0416703251097679,0.0338185476807181,0.0495221025388176
88.31,0.0415917581414753,0.0337406722340195,0.0494428440489312
88.44625,0.0415131972261169,0.033662831129986,0.0493635633222478
88.5825,0.0414346423629932,0.033585023464329,0.0492842612616574
88.71875,0.0413560935514039,0.0335072475818751,0.0492049395209327
88.855,0.0412775507906504,0.0334295056383823,0.0491255959429185
88.99125,0.0411990140800338,0.0333517959780006,0.049046232182067
89.1275,0.0411204834188545,0.0332741187305177,0.0489668481071914
89.26375,0.0410419588064141,0.0331964742564386,0.0488874433563897
89.4,0.0409634402420131,0.033118861402526,0.0488080190815003
89.53625,0.0408849277249534,0.0330412807891467,0.0487285746607602
89.6725,0.0408064212545365,0.0329637328077347,0.0486491097013383
89.80875,0.0407279208300633,0.0328862160329449,0.0485696256271816
89.945,0.0406494264508352,0.0328087305880551,0.0484901223136154
90.08125,0.0405709381161552,0.0327312770964214,0.048410599135889
90.2175,0.0404924558253241,0.0326538551455339,0.0483310565051143
90.35375,0.0404139795776439,0.032576463846953,0.0482514953083348
90.49,0.0403355093724169,0.0324991040751753,0.0481719146696586
90.62625,0.040257045208945,0.0324217751562443,0.0480923152616457
90.7625,0.040178587086531,0.0323444769816919,0.0480126971913701
90.89875,0.0401001350044763,0.0322672086241339,0.0479330613848187
91.035,0.0400216889620846,0.0321899716957533,0.0478534062284159
91.17125,0.0399432489586578,0.0321127648143772,0.0477737331029383
91.3075,0.0398648149934981,0.0320355880542609,0.0476940419327354
91.44375,0.039786387065909,0.0319584407840159,0.0476143333478021
91.58,0.0397079651751935,0.0318813238608486,0.0475346064895384
91.71625,0.039629549320654,0.0318042363553517,0.0474548622859563
91.8525,0.0395511395015942,0.031727178140237,0.0473751008629513
91.98875,0.0394727357173172,0.0316501500372371,0.0472953213973974
92.125,0.039394337967126,0.0315731506649134,0.0472155252693386
92.26125,0.0393159462503241,0.0314961803586628,0.0471357121419854
92.3975,0.0392375605662152,0.0314192384662074,0.0470558826662229
92.53375,0.039159180914103,0.0313423253236639,0.046976036504542
92.67,0.0390808072932911,0.0312654407724008,0.0468961738141814
92.80625,0.0390024397030833,0.0311885841698523,0.0468162952363142
92.9425,0.038924078142784,0.0311117563187486,0.0467363999668193
93.07875,0.0388457226116969,0.031034956091151,0.0466564891322429
93.215,0.0387673731091263,0.0309581838117444,0.0465765624065081
93.35125,0.0386890296343765,0.0308814393163656,0.0464966199523874
93.4875,0.0386106921867517,0.0308047221881965,0.046416662185307
93.62375,0.038532360765557,0.0307280322823838,0.0463366892487302
93.76,0.0384540353700964,0.0306513698839554,0.0462567008562374
93.89625,0.0383757159996749,0.0305747338784801,0.0461766981208698
94.0325,0.0382974026535972,0.0304981248244067,0.0460966804827876
94.16875,0.0382190953311681,0.0304215422970267,0.0460166483653094
94.305,0.0381407940316927,0.0303449856533037,0.0459366024100817
94.44125,0.0380624987544769,0.0302684566464936,0.0458565408624602
94.5775,0.0379842094988248,0.0301919524531879,0.0457764665444616
94.71375,0.0379059262640427,0.0301154743479628,0.0456963781801225
94.85,0.0378276490494351,0.0300390221342935,0.0456162759645768
94.98625,0.0377493778543085,0.0299625951863105,0.0455361605223066
95.1225,0.0376711126779683,0.0298861935482939,0.0454560318076427
95.25875,0.0375928535197203,0.0298098170417767,0.0453758899976639
95.395,0.0375146003788704,0.0297334662131427,0.0452957345445982
95.53125,0.0374363532547242,0.0296571394324614,0.0452155670769869
95.6675,0.0373581121465882,0.0295808370022932,0.0451353872908833
95.80375,0.0372798770537686,0.0295045585104928,0.0450551955970443
95.94,0.0372016479755715,0.029428304953819,0.044974990997324
96.07625,0.0371234249113037,0.0293520751956928,0.0448947746269146
96.2125,0.0370452078602717,0.02927586951054,0.0448145462100033
96.34875,0.0369669968217821,0.0291996872745092,0.044734306369055
96.485,0.0368887917951413,0.029123528265046,0.0446540553252365
96.62125,0.036810592779656,0.0290473915917513,0.0445737939675607
96.7575,0.0367323997746341,0.0289712789706242,0.0444935205786439
96.89375,0.0366542127793821,0.028895189223502,0.0444132363352621
97.03,0.0365760317932069,0.0288191214865056,0.0443329420999082
97.16625,0.0364978568154166,0.0287430767261085,0.0442526369047247
97.3025,0.0364196878453176,0.0286670533379221,0.0441723223527131
97.43875,0.0363415248822179,0.0285910520803652,0.0440919976840705
97.575,0.0362633679254252,0.0285150729614076,0.0440116628894427
97.71125,0.0361852169742471,0.0284391148704619,0.0439313190780324
97.8475,0.0361070720279915,0.028363178525466,0.0438509655305169
97.98375,0.0360289330859662,0.028287263261965,0.0437706029099675
98.12,0.0359508001474791,0.0282113686379974,0.0436902316569608
98.25625,0.0358726732118391,0.0281354956284561,0.043609850795222
98.3925,0.0357945522783529,0.0280596417069139,0.043529462849792
98.52875,0.0357164373463306,0.0279838096451338,0.0434490650475274
98.665,0.0356383284150792,0.0279079962614053,0.0433686605687531
98.80125,0.0355602254839082,0.0278322031794471,0.0432882477883694
98.9375,0.0354821285521258,0.0277564297358098,0.0432078273684419
99.07375,0.0354040376190414,0.0276806761728051,0.0431273990652778
99.21,0.0353259526839627,0.0276049404527578,0.0430469649151675
99.34625,0.0352478737461999,0.0275292248703652,0.0429665226220346
99.4825,0.0351698008050616,0.0274535282843325,0.0428860733257907
99.61875,0.0350917338598569,0.0273778495855904,0.0428056181341234
99.755,0.0350136729098947,0.0273021887713787,0.0427251570484106
99.89125,0.0349356179544857,0.0272265470021214,0.04264468890685
100.0275,0.0348575689929382,0.027150922447276,0.0425642155386005
100.16375,0.034779526024562,0.0270753151113979,0.0424837369377262
100.3,0.0347014890486674,0.0269997259283391,0.0424032521689958
100.43625,0.0346234580645639,0.0269241533115016,0.0423227628176262
100.5725,0.0345454330715613,0.0268485981313085,0.0422422680118142
100.70875,0.0344674140689696,0.0267730590713156,0.0421617690666236
100.845,0.0343894010560994,0.0266975367827548,0.0420812653294441
100.98125,0.0343113940322608,0.0266220305956615,0.0420007574688601
101.1175,0.0342333929967635,0.026546540056484,0.041920245937043
101.25375,0.0341553979489193,0.0264710660253164,0.0418397298725222
101.39,0.0340774088880371,0.026395606306713,0.0417592114693613
101.52625,0.0339994258134291,0.0263201626305531,0.0416786889963051
101.6625,0.0339214487244051,0.0262447336647624,0.0415981637840477
101.79875,0.0338434776202767,0.0261693196307016,0.0415176356098519
101.935,0.0337655125003544,0.026093920030136,0.0414371049705729
102.07125,0.0336875533639494,0.0260185344263925,0.0413565723015062
102.2075,0.0336096002103727,0.0259431628069184,0.0412760376138271
102.34375,0.0335316530389362,0.0258678051292108,0.0411955009486617
102.48,0.0334537118489511,0.0257924611477768,0.0411149625501253
102.61625,0.0333757766397285,0.0257171301912417,0.0410344230882152
102.7525,0.0332978474105805,0.0256418122357118,0.0409538825854492
102.88875,0.0332199241608189,0.0255665070103641,0.0408733413112736
103.025,0.0331420068897548,0.0254912140714668,0.0407927997080428
103.16125,0.0330640955967012,0.0254159335868992,0.0407122576065032
103.2975,0.0329861902809694,0.0253406652988172,0.0406317152631216
103.43375,0.0329082909418719,0.0252654083176108,0.0405511735661329
103.57,0.0328303975787203,0.0251901621833915,0.0404706329740492
103.70625,0.0327525101908286,0.0251149285499731,0.0403900918316841
103.8425,0.0326746287775075,0.0250397050273711,0.0403095525276438
103.97875,0.0325967533380704,0.0249644922034959,0.0402290144726449
104.115,0.0325188838718296,0.0248892891789552,0.0401484785647039
104.25125,0.0324410203780987,0.0248140969885032,0.0400679437676942
104.3875,0.0323631628561896,0.02473891406953,0.0399874116428492
104.52375,0.032285311305416,0.0246637414296059,0.0399068811812262
104.66,0.0322074657250906,0.0245885771249952,0.0398263543251859
104.79625,0.0321296261145272,0.0245134227768841,0.0397458294521703
104.9325,0.0320517924730384,0.0244382766365977,0.039665308309479
105.06875,0.031973964799938,0.0243631388780621,0.0395847907218139
105.205,0.0318961430945395,0.0242880096067854,0.0395042765822935
105.34125,0.0318183273561563,0.0242128875425067,0.0394237671698059
105.4775,0.0317405175841023,0.0241377736398544,0.0393432615283503
105.61375,0.0316627137776919,0.0240626670108452,0.0392627605445387
105.75,0.0315849159362385,0.0239875675782253,0.0391822642942516
105.88625,0.0315071240590554,0.0239124740113203,0.0391017741067906
106.0225,0.0314293381454585,0.0238373877227185,0.0390212885681984
106.15875,0.0313515581947605,0.0237623073615835,0.0389408090279376
106.295,0.0312737842062769,0.0236872332740412,0.0388603351385126
106.43125,0.0311960161793214,0.0236121641451802,0.0387798682134627
106.5675,0.0311182541132085,0.0235371002996539,0.038699407926763
106.70375,0.0310404980072536,0.0234620414757763,0.0386189545387309
106.84,0.0309627478607712,0.0233869877559542,0.0385385079655883
106.97625,0.0308850036730761,0.023311938056502,0.0384580692896503
107.1125,0.0308072654434834,0.0232368926851237,0.0383776382018432
107.24875,0.030729533171308,0.0231618511456557,0.0382972151969603
107.385,0.0306518068558654,0.0230868131387474,0.0382168005729835
107.52125,0.0305740864964705,0.0230117775866795,0.0381363954062616
107.6575,0.0304963720924394,0.0229367457626204,0.0380559984222584
107.79375,0.0304186636430868,0.0228617163876231,0.0379756108985505
107.93,0.0303409611477292,0.022786689143855,0.0378952331516035
108.06625,0.0302632646056815,0.0227116635509819,0.0378148656603811
108.2025,0.0301855740162602,0.0226366396945352,0.0377345083379852
108.33875,0.0301078893787805,0.0225616172643955,0.0376541614931655
108.475,0.0300302106925594,0.0224865957499548,0.037573825635164
108.61125,0.0299525379569126,0.0224115756320539,0.0374935002817712
108.7475,0.0298748711711561,0.0223365550483905,0.0374131872939216
108.88375,0.0297972103346065,0.0222615348348048,0.0373328858344081
109.02,0.0297195554465803,0.0221865141205705,0.0372525967725902
109.15625,0.0296419065063942,0.022111492968463,0.0371723200443254
109.2925,0.0295642635133646,0.0220364708626737,0.0370920561640556
109.42875,0.0294866264668086,0.0219614480616059,0.0370118048720112
109.565,0.029408995366043,0.0218864232974412,0.0369315674346448
109.70125,0.0293313702103846,0.0218113969941165,0.0368513434266526
109.8375,0.0292537509991502,0.0217363675232639,0.0367711344750364
109.97375,0.0291761377316577,0.0216613362636733,0.0366909391996421
110.11,0.0290985304072242,0.0215863021297551,0.0366107586846933
110.24625,0.0290209290251671,0.0215112646009767,0.0365305934493574
110.3825,0.0289433335848037,0.0214362241010477,0.0364504430685598
110.51875,0.0288657440854516,0.0213611790094696,0.0363703091614336
110.655,0.0287881605264291,0.0212861299031591,0.036290191149699
110.79125,0.0287105829070531,0.0212110764693348,0.0362100893447714
110.9275,0.0286330112266424,0.0211360179929551,0.0361300044603298
111.06375,0.0285554454845145,0.0210609543286048,0.0360499366404242
111.2,0.0284778856799877,0.0209858845929356,0.0359698867670397
111.33625,0.0284003318123807,0.0209108099043806,0.0358898537203807
111.4725,0.0283227838810109,0.0208357282756505,0.0358098394863714
111.60875,0.0282452418851977,0.0207606403007042,0.0357298434696912
111.745,0.0281677058242589,0.0206855450714057,0.035649866577112
111.88125,0.0280901756975136,0.0206104426191949,0.0355699087758323
112.0175,0.0280126515042807,0.0205353329512801,0.0354899700572812
112.15375,0.0279351332438789,0.0204602153663615,0.0354100511213962
112.29,0.0278576209156269,0.0203850891453365,0.0353301526859174
112.42625,0.0277801145188441,0.0203099539668196,0.0352502750708686
112.5625,0.0277026140528496,0.0202348098078253,0.0351704182978738
112.69875,0.0276251195169626,0.0201596563360378,0.0350905826978873
112.835,0.0275476309105027,0.0200844930188317,0.0350107688021737
112.97125,0.0274701482327893,0.0200093198430149,0.0349309766225636
113.1075,0.0273926714831418,0.0199341355798719,0.0348512073864118
113.24375,0.0273152006608801,0.0198589407538657,0.0347714605678945
113.38,0.0272377357653242,0.0197837344957433,0.0346917370349051
113.51625,0.0271602767957937,0.0197085167677513,0.0346120368238361
113.6525,0.0270828237516088,0.0196332870483065,0.034532360454911
113.78875,0.0270053766320895,0.0195580453115279,0.034452707952651
113.925,0.0269279354365564,0.0194827908558617,0.034373080017251
114.06125,0.0268505001643291,0.019407522968752,0.0342934773599062
114.1975,0.0267730708147282,0.0193322413036794,0.034213900325777
114.33375,0.0266956473870752,0.0192569464919889,0.0341343482821615
114.47,0.0266182298806896,0.0191816373137723,0.0340548224476069
114.60625,0.026540818294893,0.0191063135897468,0.0339753230000391
114.7425,0.0264634126290053,0.0190309747688191,0.0338958504891915
114.87875,0.0263860128823481,0.0189556203119839,0.0338164054527123
115.015,0.0263086190542428,0.018880250678665,0.0337369874298205
115.15125,0.0262312311440098,0.0188048651502083,0.0336575971378113
115.2875,0.0261538491509703,0.0187294622217794,0.0335782360801612
115.42375,0.0260764730744465,0.0186540429721254,0.0334989031767676
115.56,0.0259991029137594,0.0185786065419995,0.0334195992855193
115.69625,0.0259217386682309,0.0185031528739137,0.0333403244625481
115.8325,0.0258443803371815,0.018427680589722,0.033261080084641
115.96875,0.0257670279199345,0.0183521899944213,0.0331818658454476
116.105,0.0256896814158112,0.0182766807002124,0.03310268213141
116.24125,0.0256123408241331,0.01820115213057,0.0330235295176962
116.3775,0.0255350061442234,0.0181256045630804,0.0329444077253665
116.51375,0.0254576773754032,0.0180500361717835,0.0328653185790228
116.65,0.0253803545169951,0.0179744476782572,0.0327862613557329
116.78625,0.0253030375683219,0.0178988386902362,0.0327072364464076
116.9225,0.0252257265287059,0.0178232085112469,0.032628244546165
117.05875,0.0251484213974695,0.0177475565920167,0.0325492862029224
117.195,0.0250711221739355,0.0176718828462333,0.0324703615016376
117.33125,0.024993828857427,0.0175961865778494,0.0323914711370045
117.4675,0.0249165414472667,0.0175204680066912,0.0323126148878423
117.60375,0.0248392599427776,0.0174447258100547,0.0322337940755005
117.74,0.0247619843432831,0.0173689605192866,0.0321550081672797
117.87625,0.0246847146481062,0.0172931709668584,0.032076258329354
118.0125,0.0246074508565699,0.0172173569211737,0.0319975447919661
118.14875,0.0245301929679984,0.0171415187121806,0.0319188672238163
118.285,0.0244529409817149,0.0170656552044084,0.0318402267590214
118.42125,0.0243756948970426,0.0169897656961355,0.0317616240979497
118.5575,0.0242984547133061,0.0169138505330066,0.0316830588936055
118.69375,0.0242212204298284,0.0168379087172209,0.031604532142436
118.83,0.0241439920459339,0.0167619400073552,0.0315260440845125
118.96625,0.0240667695609469,0.0166859447069037,0.0314475944149901
119.1025,0.0239895529741911,0.0166099213957987,0.0313691845525836
119.23875,0.0239123422849912,0.0165338703947679,0.0312908141752144
119.375,0.0238351374926711,0.0164577903097826,0.0312124846755595
119.51125,0.0237579385965554,0.0163816818443876,0.0311341953487231
119.6475,0.0236807455959691,0.0163055443153452,0.031055946876593
119.78375,0.0236035584902363,0.0162293769016799,0.0309777400787927
119.92,0.0235263772786825,0.0161531796038442,0.0308995749535207
120.05625,0.0234492019606316,0.0160769511973298,0.0308214527239334
120.1925,0.0233720325354092,0.0160006922078015,0.0307433728630169
120.32875,0.0232948690023407,0.0159244020984786,0.0306653359062028
120.465,0.0232177113607506,0.0158480800572906,0.0305873426642105
120.60125,0.0231405596099643,0.0157717257921799,0.0305093934277488
120.7375,0.0230634137493078,0.0156953391613708,0.0304314883372447
120.87375,0.0229862737781059,0.0156189193664486,0.0303536281897632
121.01,0.0229091396956851,0.0155424662379482,0.0302758131534219
121.14625,0.0228320115013703,0.015465979359653,0.0301980436430875
121.2825,0.0227548891944873,0.0153894579412746,0.0301203204477001
121.41875,0.0226777727743621,0.0153129018097319,0.0300426437389923
121.555,0.0226006622403214,0.0152363108247456,0.0299650136558973
121.69125,0.0225235575916907,0.0151596842864439,0.0298874308969375
121.8275,0.0224464588277962,0.0150830216769148,0.0298098959786775
121.96375,0.0223693659479642,0.0150063226891779,0.0297324092067506
122.1,0.0222922789515216,0.0149295870343049,0.0296549708687384
122.23625,0.0222151978377947,0.0148528141635851,0.0295775815120043
122.3725,0.0221381226061097,0.0147760034259578,0.0295002417862616
122.50875,0.0220610532557943,0.0146991549950476,0.029422951516541
122.645,0.0219839897861744,0.0146222678605584,0.0293457117117905
122.78125,0.0219069321965772,0.0145453419547311,0.0292685224384234
122.9175,0.0218298804863299,0.0144683766179345,0.0291913843547254
123.05375,0.0217528346547597,0.0143913715463804,0.0291142977631391
123.19,0.0216757947011939,0.0143143262262686,0.0290372631761191
123.32625,0.021598760624959,0.0142372400881266,0.0289602811617915
123.4625,0.0215217324253838,0.014160113204422,0.0288833516463456
123.59875,0.0214447101017954,0.0140829451288007,0.02880647507479
123.735,0.0213676936535205,0.014005734544928,0.028729652762113
123.87125,0.0212906830798882,0.0139284820505962,0.0286528841091803
124.0075,0.0212136783802261,0.013851187092997,0.0285761696674553
124.14375,0.0211366795538614,0.0137738484957461,0.0284995106119768
124.28,0.0210596866001231,0.0136964666021567,0.0284229065980896
124.41625,0.0209826995183384,0.0136190404502953,0.0283463585863815
124.5525,0.0209057183078367,0.0135415701537315,0.0282698664619419
124.68875,0.0208287429679452,0.0134640547596896,0.0281934311762009
124.825,0.0207517734979934,0.0133864941766057,0.0281170528193811
124.96125,0.0206748098973093,0.0133088880728565,0.0280407317217621
125.0975,0.0205978521652219,0.0132312356208771,0.0279644687095668
125.23375,0.0205209003010598,0.0131535369228743,0.0278882636792453
125.37,0.0204439543041519,0.0130757909373284,0.0278121176709754
125.50625,0.0203670141738272,0.0129979976626869,0.0277360306849676
125.6425,0.0202900799094148,0.0129201565758166,0.027660003243013
125.77875,0.0202131515102444,0.0128422674538264,0.0275840355666624
125.915,0.0201362289756442,0.0127643294895341,0.0275081284617543
126.05125,0.0200593123049448,0.0126863426502584,0.0274322819596313
126.1875,0.019982401497475,0.0126083061444425,0.0273564968505075
126.32375,0.0199054965525645,0.0125302199325641,0.0272807731725648
126.46,0.0198285974695431,0.0124520833078007,0.0272051116312856
126.59625,0.0197517042477404,0.0123738957842256,0.0271295127112553
126.7325,0.0196748168864866,0.0122956570314953,0.027053976741478
126.86875,0.0195979353851117,0.0122173669049881,0.0269785038652352
127.005,0.0195210597429458,0.0121390250871915,0.0269030943987001
127.14125,0.019444189959319,0.0120606303630687,0.0268277495555693
127.2775,0.0193673260335618,0.0119821831944466,0.0267524688726771
127.41375,0.0192904679650043,0.0119036826610507,0.026677253268958
127.55,0.0192136157529776,0.0118251286040179,0.0266021029019374
127.68625,0.0191367693968116,0.0117465204443233,0.0265270183493
127.8225,0.0190599288958375,0.0116678576113399,0.0264520001803351
127.95875,0.018983094249386,0.0115891400366768,0.0263770484620953
128.095,0.018906265456788,0.0115103671377318,0.0263021637758441
128.23125,0.018829442517375,0.0114315387629824,0.0262273462717675
128.3675,0.0187526254304777,0.0113526541082258,0.0261525967527297
128.50375,0.0186758141954271,0.0112737129984793,0.0260779153923749
128.64,0.0185990088115546,0.0111947148099263,0.026003302813183
128.77625,0.0185222092781925,0.0111156596827187,0.0259287588736662
128.9125,0.0184454155946718,0.011036546815376,0.0258542843739677
129.04875,0.0183686277603234,0.0109573756132756,0.0257798799073713
129.185,0.0182918457744803,0.0108781458923587,0.0257055456566019
129.32125,0.0182150696364736,0.0107988575362389,0.0256312817367082
129.4575,0.0181382993456354,0.0107195095908625,0.0255570891004083
129.59375,0.0180615349012982,0.0106401023599912,0.0254829674426053
129.73,0.0179847763027934,0.0105606347530653,0.0254089178525215
129.86625,0.0179080235494538,0.0104811066750648,0.0253349404238428
130.0025,0.017831276640611,0.0104015175813577,0.0252610356998643
130.13875,0.0177545355755986,0.0103218674368403,0.0251872037143569
130.275,0.0176778003537486,0.0102421557071715,0.0251134450003256
130.41125,0.0176010709743935,0.0101623817560468,0.0250397601927401
130.5475,0.0175243474368663,0.0100825454586536,0.024966149415079
130.68375,0.0174476297404995,0.0100026463086851,0.0248926131723139
130.82,0.0173709178846266,0.0099226839898471,0.0248191517794062
130.95625,0.017294211868581,0.0098426582966578,0.0247457654405043
131.0925,0.0172175116916948,0.0097625685001326,0.0246724548832571
131.22875,0.0171408173533019,0.00968241440110674,0.024599220305497
131.365,0.0170641288527356,0.00960219563401054,0.0245260620714606
131.50125,0.0169874461893293,0.00952191170631529,0.0244529806723434
131.6375,0.0169107693624166,0.00944156241989287,0.0243799763049404
131.77375,0.0168340983713318,0.00936114750816851,0.024307049234495
131.91,0.0167574332154077,0.0092806661901659,0.0242342002406495
132.04625,0.0166807738939783,0.0092001183587651,0.0241614294291914
132.1825,0.0166041204063778,0.00911950365512106,0.0240887371576346
132.31875,0.0165274727519411,0.00903882181053101,0.0240161236933512
132.455,0.0164508309300011,0.00895807219141008,0.0239435896685921
132.59125,0.016374194939893,0.00887725461956759,0.0238711352602184
132.7275,0.0162975647809507,0.0087963687922845,0.0237987607696169
132.86375,0.0162209404525084,0.0087154141738551,0.0237264667311618
133,0.0161443219539019,0.00863439064016705,0.0236542532676368
133.13625,0.0160677092844645,0.00855329763110818,0.0235821209378209
133.2725,0.015991102443532,0.0084721348383447,0.0235100700487192
133.40875,0.0159145014304389,0.00839090217237989,0.023438100688498
133.545,0.0158379062445202,0.00830959899675878,0.0233662134922816
133.68125,0.0157613168851105,0.00822822498770043,0.0232944087825206
133.8175,0.015684733351546,0.00814677996192664,0.0232226867411653
133.95375,0.0156081556431613,0.0080652634273097,0.0231510478590129
134.09,0.0155315837592926,0.00798367531773615,0.0230794922008491
134.22625,0.0154550176992743,0.00790201494224285,0.0230080204563057
134.3625,0.0153784574624427,0.00782028219067309,0.0229366327342123
134.49875,0.0153019030481332,0.00773847669015738,0.022865329406109
134.635,0.0152253544556817,0.00765659814001236,0.0227941107713511
134.77125,0.0151488116844245,0.0075746462583425,0.0227229771105065
134.9075,0.0150722747336971,0.0074926206069161,0.0226519288604781
135.04375,0.0149957436028356,0.00741052098649895,0.0225809662191723
135.18,0.0149192182911766,0.00732834702256525,0.0225100895597879
135.31625,0.0148426987980561,0.00724609837396357,0.0224392992221486
135.4525,0.0147661851228102,0.00716377476519833,0.0223685954804222
135.58875,0.0146896772647764,0.00708137596208507,0.0222979785674678
135.725,0.0146131752232908,0.00699890161215102,0.0222274488344305
135.86125,0.0145366789976897,0.00691635141581393,0.0221570065795655
135.9975,0.0144601885873104,0.00683372500654867,0.022086652168072
136.13375,0.01438370399149,0.00675102222116348,0.0220163857618166
136.27,0.0143072252095648,0.00666824268929986,0.0219462077298298
136.40625,0.0142307522408727,0.00658538613330403,0.0218761183484413
136.5425,0.01415428508475,0.00650245223685031,0.0218061179326498
136.67875,0.0140778237405352,0.00641944080222236,0.0217362066788481
136.815,0.0140013682075648,0.00633635146387092,0.0216663849512587
136.95125,0.0139249184851766,0.00625318400011444,0.0215966529702388
137.0875,0.0138484745727085,0.00616993812350262,0.0215270110219145
137.22375,0.0137720364694975,0.0060866135155577,0.0214574594234374
137.36,0.0136956041748824,0.0060032099860336,0.0213879983637311
137.49625,0.0136191776882004,0.00591972722460301,0.0213186281517978
137.6325,0.0135427570087896,0.00583616497727437,0.0212493490403048
137.76875,0.0134663421359882,0.00575252298087483,0.0211801612911015
137.905,0.0133899330691349,0.00566880098909609,0.0211110651491738
138.04125,0.0133135298075673,0.00558499874622391,0.0210420608689107
138.1775,0.0132371323506244,0.00550111599262169,0.0209731487086271
138.31375,0.0131607406976442,0.00541715249064915,0.0209043289046392
138.45,0.0130843548479658,0.00533310798947988,0.0208356017064517
138.58625,0.0130079748009275,0.00524898225897975,0.0207669673428753
138.7225,0.0129316005558686,0.00516477504967624,0.020698426062061
138.85875,0.0128552321121278,0.00508048613183239,0.0206299780924232
138.995,0.0127788694690443,0.004996115268936,0.0205616236691526
139.13125,0.0127025126259568,0.00491166223776887,0.0204933630141447
139.2675,0.012626161582205,0.00482712680565612,0.0204251963587538
139.40375,0.0125498163371276,0.00474250877644581,0.0203571238978094
139.54,0.0124734768900647,0.00465780789667146,0.020289145883458
139.67625,0.012397143240356,0.00457302393472487,0.0202212625459872
139.8125,0.0123208153873402,0.00448815674816029,0.0201534740265201
139.94875,0.0122444933303578,0.00440320605511139,0.0200857806056042
140.085,0.0121681770687481,0.00431817171461925,0.0200181824228769
140.22125,0.0120918666018515,0.00423305348070441,0.0199506797229985
140.3575,0.0120155619290081,0.00414785112337293,0.0198832727346433
140.49375,0.0119392630495576,0.00406256447873569,0.0198159616203795
140.63,0.0118629699628401,0.00397719344390423,0.0197487464817759
140.76625,0.0117866826681965,0.00389173765329673,0.0196816276830963
140.9025,0.0117104011649674,0.00380619698774611,0.0196146053421886
141.03875,0.0116341254524923,0.00372057135435781,0.0195476795506268
141.175,0.0115578555301128,0.00363486045718624,0.0194808506030393
141.31125,0.0114815913971693,0.00354906419300979,0.0194141186013288
141.4475,0.0114053330530024,0.00346318233332223,0.0193474837726826
141.58375,0.0113290804969535,0.00337721470437156,0.0192809462895354
141.72,0.0112528337283635,0.00329116116762295,0.019214506289104
141.85625,0.0111765927465735,0.00320502154678073,0.0191481639463662
141.9925,0.0111003575509243,0.00311879571842995,0.0190819193834187
142.12875,0.0110241281407575,0.00303248349362343,0.0190157727878915
142.265,0.0109479045154153,0.00294608461614905,0.0189497244146815
142.40125,0.0108716866742382,0.00285959912890612,0.0188837742195703
142.5375,0.0107954746165682,0.00277302681853465,0.0188179224146017
142.67375,0.010719268341747,0.00268636743100528,0.0187521692524887
142.81,0.0106430678491169,0.00259962085495911,0.0186865148432748
142.94625,0.0105668731380191,0.0025127870585001,0.018620959217538
143.0825,0.0104906842077956,0.00242586587288042,0.0185555025427109
143.21875,0.0104145010577894,0.00233885713146024,0.0184901449841186
143.355,0.0103383236873422,0.00225176060890825,0.0184248867657762
143.49125,0.0102621520957964,0.00216457626154059,0.0183597279300522
143.6275,0.0101859862824938,0.0020773041802076,0.01829466838478
143.76375,0.0101098262467785,0.00198994381126881,0.0182297086822881
143.9,0.0100336719879914,0.00190249529347257,0.0181648486825103
144.03625,0.0099575235054763,0.00181495865159172,0.0181000883593609
144.1725,0.00988138079857537,0.00172733354432084,0.0180354280528299
144.30875,0.00980524386663228,0.00163961991079846,0.0179708678224661
144.445,0.0097291127089898,0.00155181758878115,0.0179064078291984
144.58125,0.00965298732499065,0.00146392668427254,0.0178420479657088
144.7175,0.00957686771397848,0.00137594693401729,0.0177777884939397
144.85375,0.00950075387529647,0.0012878782482022,0.0177136295023908
144.99,0.00942464580828828,0.00119972042047765,0.0176495711960989
145.12625,0.00934854351229708,0.00111147362462589,0.0175856133999683
145.2625,0.00927244698666652,0.00102313767515132,0.0175217562981817
145.39875,0.00919635623074067,0.000934712536470742,0.0174579999250106
145.535,0.00912027124386272,0.000846198014611615,0.0173943444731138
145.67125,0.00904419202537765,0.000757594036964206,0.0173307900137911
145.8075,0.00896811857462865,0.000668900579019057,0.0172673365702382
145.94375,0.00889205089095979,0.000580117689014861,0.0172039840929047
146.08,0.00881598897371605,0.000491244929394135,0.017140733018038
146.21625,0.00873993282224106,0.000402282603208078,0.017077583041274
146.3525,0.00866388243587934,0.000313230661026875,0.0170145342107318
146.48875,0.00858783781397587,0.000224088637493888,0.0169515869904579
146.625,0.00851179895587428,0.000134857072387499,0.0168887408393611
146.76125,0.00843576586092043,4.55353124176119e-05,0.0168259964094232
146.8975,0.00835973852845884,0,0.0167633534869813
147.03375,0.00828371695783403,0,0.0167008120516262
147.17,0.00820770114839142,0,0.0166383720768237
147.30625,0.00813169109947598,0,0.0165760340352393
147.4425,0.00805568681043267,0,0.016513797385891
147.57875,0.00797968828060736,0,0.0164516625365521
147.715,0.007903695509345,0,0.0163896295152786
147.85125,0.00782770849599101,0,0.0163276979833373
147.9875,0.0077517272398917,0,0.0162658685054546
148.12375,0.00767575174039203,0,0.0162041405579054
148.26,0.00759978199683831,0,0.0161425147927414
148.39625,0.00752381800857638,0,0.0160809907636474
148.5325,0.0074478597749521,0,0.0160195684839249
148.66875,0.00737190729531179,0,0.0159582482958586
148.805,0.00729596056900128,0,0.0158970298029907
148.94125,0.00722001959536733,0,0.0158359135143432
149.0775,0.0071440843737558,0,0.0157748987648317
149.21375,0.00706815490351387,0,0.0157139862390637
149.35,0.00699223118398784,0,0.0156531753412439
149.48625,0.00691631321452402,0,0.0155924665031029
149.6225,0.00684040099447003,0,0.0155318596371717
149.75875,0.00676449452317174,0,0.0154713543818345
149.895,0.00668859379997722,0,0.0154109513587725
150.03125,0.00661269882423321,0,0.015350650109137
150.1675,0.00653680959528646,0,0.0152904508030828
150.30375,0.00646092611248461,0,0.0152303529614619
150.44,0.00638504837517528,0,0.0151703574097502
150.57625,0.00630917638270523,0,0.015110463285159
150.7125,0.00623331013442341,0,0.0150506714170339
150.84875,0.00615744962967613,0,0.014990980928266
150.985,0.00608159486781146,0,0.0149313918727075
151.12125,0.00600574584817792,0,0.0148719050105671
151.2575,0.0059299025701236,0,0.0148125198306942
151.39375,0.00585406503299524,0,0.01475323589403
151.53,0.00577823323614224,0,0.0146940538686951
151.66625,0.00570240717891268,0,0.014634973212195
151.8025,0.00562658686065509,0,0.0145759941937516
151.93875,0.00555077228071754,0,0.014517116779905
152.075,0.00547496343844855,0,0.0144583403969149
152.21125,0.00539916033319709,0,0.0143996655296181
152.3475,0.00532336296431213,0,0.0143410923473355
152.48375,0.00524757133114218,0,0.0142826201576931
152.62,0.0051717854330362,0,0.0142242490141396
152.75625,0.00509600526934362,0,0.014165979415478
152.8925,0.00502023083941294,0,0.0141078103127589
153.02875,0.00494446214259403,0,0.014049742530987
153.165,0.00486869917823629,0,0.0139917757928302
153.30125,0.00479294194568913,0,0.0139339100402834
153.4375,0.00471719044430197,0,0.0138761452164133
153.57375,0.00464144467342464,0,0.0138184812596366
153.71,0.00456570463240658,0,0.0137609177519887
153.84625,0.00448997032059761,0,0.0137034548549343
153.9825,0.00441424173734806,0,0.0136460922630477
154.11875,0.0043385188820082,0,0.0135888307354924
154.255,0.00426280175392746,0,0.0135316694989966
154.39125,0.00418709035245657,0,0.0134746082217742
154.5275,0.00411138467694583,0,0.0134176475644332
154.66375,0.00403568472674598,0,0.0133607870778018
154.8,0.00395999050120688,0,0.0133040264428386
154.93625,0.00388430199967971,0,0.0132473660713358
155.0725,0.00380861922151521,0,0.0131908055070521
155.20875,0.00373294216606368,0,0.0131343445380217
155.345,0.00365727083267675,0,0.0130779838453347
155.48125,0.00358160522070561,0,0.0130217228344734
155.6175,0.0035059453295001,0,0.0129655608989897
155.75375,0.0034302911584132,0,0.0129094988565679
155.89,0.00335464270679475,0,0.0128535358351895
156.02625,0.00327899997399683,0,0.0127976721322119
156.1625,0.00320336295937107,0,0.0127419076580987
156.29875,0.00312773166226954,0,0.0126862428509475
156.435,0.00305210608204298,0,0.012630676416805
156.57125,0.00297648621804347,0,0.0125752087851768
156.7075,0.00290087206962353,0,0.0125198402681818
156.84375,0.00282526363613433,0,0.0124645703581319
156.98,0.00274966091692885,0,0.0124093990956405
157.11625,0.00267406391135827,0,0.0123543256798241
157.2525,0.00259847261877599,0,0.0122993511167524
157.38875,0.00252288703853409,0,0.0122444748955474
157.525,0.00244730716998509,0,0.0121896970415238
157.66125,0.00237173301248106,0,0.0121350167467134
157.7975,0.0022961645653754,0,0.0120804347581151
157.93375,0.0022206018280202,0,0.0120259501063832
158.07,0.00214504479976929,0,0.011971563394038
158.20625,0.00206949347997498,0,0.0119172742292591
158.3425,0.00199394786799045,0,0.0118630827162905
158.47875,0.00191840796316911,0,0.0118089882304342
158.615,0.00184287376486436,0,0.0117549911018862
158.75125,0.00176734527242917,0,0.0117010909871397
158.8875,0.00169182248521738,0,0.0116472882229948
159.02375,0.0016163054025824,0,0.0115935818748911
159.16,0.00154079402387808,0,0.0115399724911003
159.29625,0.00146528834845783,0,0.0114864595793845
159.4325,0.00138978837567616,0,0.0114330434046549
159.56875,0.00131429410488648,0,0.0113797233857976
159.705,0.00123880553544287,0,0.0113264994798216
159.84125,0.00116332266670005,0,0.0112733719498958
159.9775,0.00108784549801189,0,0.0112203403653293
